treatment,accuracy,precision_control,recall_control,f1_control,precision_treatment,recall_treatment,f1_treatment
ETANOL,0.7076612903225806,0.76775956284153,0.8240469208211144,0.7949080622347949,0.5384615384615384,0.45161290322580644,0.49122807017543857
CBD 0.3uM,0.725531914893617,0.7944444444444444,0.8387096774193549,0.8159771754636234,0.5,0.4263565891472868,0.4602510460251046
CBD 3uM,0.848,0.9493670886075949,0.8797653958944281,0.91324200913242,0.3050847457627119,0.5294117647058824,0.3870967741935484
CBD 30uM,0.839142091152815,0.940625,0.8801169590643275,0.9093655589123867,0.22641509433962265,0.3870967741935484,0.2857142857142857
CBDV 0.3uM,0.4607329842931937,0.9245283018867925,0.4310850439882698,0.588,0.13004484304932734,0.7073170731707317,0.2196969696969697
CBDV 3uM,0.876010781671159,0.9250720461095101,0.9413489736070382,0.9331395348837209,0.16666666666666666,0.13333333333333333,0.14814814814814814
CBDV 30uM,0.7696476964769647,0.921311475409836,0.8216374269005848,0.8686244204018547,0.046875,0.1111111111111111,0.06593406593406594
Total_Extract_CBD,0.7475247524752475,0.8658536585365854,0.8304093567251462,0.8477611940298507,0.23684210526315788,0.2903225806451613,0.2608695652173913
