treatment,alpha,xmin,loglikelihood_ratio,p_value
Control,2.63850668995687,6.324555320336759,-27.48617216570186,2.47893300821795e-07
ETANOL,2.317512114363999,2.0,-0.6401175118841609,0.4565774026398354
CBD 0.3uM,2.814259405374332,5.830951894845301,-48.506686564003545,5.50981547316308e-11
CBD 3uM,3.97612683161492,5.830951894845301,-0.39162933755233553,0.03420887242916464
CBD 30uM,2.5290638905767517,5.0990195135927845,-1.8294730520716191,0.2036635242492657
CBDV 0.3uM,2.7274485346251067,6.324555320336759,-1.9954849326255317,0.1910368909764334
CBDV 3uM,2.566519554064886,4.123105625617661,-1.4827360702838623,0.2515160378884258
CBDV 30uM,3.047486828768879,6.708203932499369,-0.8552496685522417,0.3878838115043942
,12.511945429881598,32.0,-0.6780209915760607,0.09361469873585923
