treatment,alpha,alpha_ci_lower,alpha_ci_upper,xmin,loglikelihood_ratio,p_value,n_worms_tested,n_levy_worms,percent_levy_worms,n_total_steps
Control,2.735173071191758,2.6674737882694073,7.323310539639237,6.708203932499369,-31.6518566502969,4.3547664348284355e-09,248,7,2.82258064516129,41887
ETANOL,2.5993148590354167,2.562557770517122,5.889470687484554,5.0,-37.26163507147342,4.834514122690312e-08,165,7,4.242424242424243,26993
CBD 0.3uM,2.876398228381797,2.8529253182828187,9.657689830802832,5.830951894845301,-85.65283580929925,7.478110393326886e-18,724,19,2.6243093922651934,114855
CBD 3uM,3.5459756487851064,2.686919595137812,4.481256646162631,8.48528137423857,-0.03801097088206551,0.8325250520046963,24,0,0.0,3495
CBD 30uM,2.5510838118599395,2.4682170087116786,2.6456262772826786,5.0990195135927845,-3.560995010608826,0.07523384255910459,47,0,0.0,7167
CBDV 0.3uM,3.003439217433937,2.8367511012143716,3.140572313306066,7.810249675906654,-2.4993438946746362,0.09861286808682992,82,3,3.6585365853658534,12991
CBDV 3uM,2.769743296788663,2.5469234797674885,2.985963479168634,7.0,-1.843162148851138,0.13565796966047913,62,0,0.0,10157
CBDV 30uM,3.094302126607399,2.9918302280963203,4.324767872192927,6.708203932499369,-5.923955630454371,0.04187471357006548,73,1,1.36986301369863,10444
,3.5805681285152327,3.345727265594297,6.8223845516449835,10.770329614269007,-2.994929651226199,0.11493399216882677,38,1,2.631578947368421,6523
