treatment,alpha,xmin,loglikelihood_ratio,p_value
Control,3.2833457847673655,41.6293165929973,-0.11594032997602266,0.7611221939488044
ETANOL,2.3649492785906787,4.123105625617661,-44.97379948632362,1.7759087559694406e-09
CBD 0.3uM,2.333694246284083,2.8284271247461903,-35.78674043778832,5.879952469747703e-08
CBD 3uM,3.188223348974243,1.4142135623730951,1.290974981446444,1.603593642984093e-116
CBD 30uM,2.2366338424879233,1.4142135623730951,0.04130339065353028,0.7215145288079791
CBDV 0.3uM,3.6776383424570036,27.80287754891569,-0.0885857843635085,0.7476452259473023
CBDV 3uM,2.6045694366922474,7.615773105863909,0.005139156448719762,0.8415886747940375
CBDV 30uM,3.532506452240377,18.439088914585774,0.0027166516020620257,0.8249437163969008
Total_Extract_CBD,3.269630353140473,13.038404810405298,-0.3223269822320476,0.5964200877931053
