treatment,accuracy,precision_control,recall_control,f1_control,precision_treatment,recall_treatment,f1_treatment
ETANOL,0.6101694915254238,0.7,0.7520661157024794,0.7250996015936255,0.3617021276595745,0.30357142857142855,0.3300970873786408
CBD 0.3uM,0.6647727272727273,0.7647058823529411,0.7459016393442623,0.7551867219917012,0.45614035087719296,0.48148148148148145,0.46846846846846846
Total_Extract_CBD,0.643979057591623,0.7086614173228346,0.743801652892562,0.7258064516129032,0.515625,0.4714285714285714,0.4925373134328358
