treatment,alpha,xmin,loglikelihood_ratio,p_value
Control,2.7798430293705936,7.810249675906654,-18.303613449520686,0.0006773249610554481
ETANOL,2.533985082125012,5.0990195135927845,-5.7705551659127705,0.01957872788506319
CBD 0.3uM,3.3302624555596037,2.23606797749979,0.3747490445798153,0.0001641696713855098
CBD 3uM,3.1456032172475337,1.4142135623730951,-1.9290102087494283,0.04665157677557431
CBD 30uM,3.0120420596011823,1.4142135623730951,1.5475913662546552,3.631706480194535e-09
CBDV 0.3uM,2.938295399137092,5.656854249492381,-0.03237004592358694,0.8420412174029012
CBDV 3uM,2.3091173895060124,2.0,0.05586552529689515,0.38566706797034267
CBDV 30uM,2.96189045429331,9.433981132056603,-0.9687102906669034,0.11957729710556812
