classifier,accuracy_mean,accuracy_std
RandomForest,0.6920917699994769,0.02307742164881346
LogisticRegression,0.6591809239784439,0.024580686130588267
XGBoost,0.7087466645738502,0.020039257931162863
