classifier,accuracy_mean,accuracy_std
RandomForest,0.7098609922139334,0.025898461136604194
LogisticRegression,0.555109860992214,0.06474954404465039
XGBoost,0.8664220781867842,0.007924750625831792
