classifier,accuracy_mean,accuracy_std
RandomForest,0.6953768045679809,0.024031605216723727
LogisticRegression,0.6583589204912734,0.018199857108883215
XGBoost,0.7320458952811894,0.011915452646204227
