classifier,accuracy_mean,accuracy_std
RandomForest,0.7547802164396887,0.019628864582275755
LogisticRegression,0.7247127310311284,0.01665941047227174
XGBoost,0.7696148467898832,0.016188721677632894
