classifier,accuracy_mean,accuracy_std
RandomForest,0.7414368674298987,0.013652674109575727
LogisticRegression,0.6961556329849012,0.014263476122950087
XGBoost,0.8213688402190144,0.008740620542035659
