classifier,accuracy_mean,accuracy_std
RandomForest,0.6847063583455231,0.027520361253215046
LogisticRegression,0.6152282842115091,0.018622627221645593
XGBoost,0.7683452117892378,0.015778744639468708
