treatment,accuracy_mean,accuracy_std,precision_control,recall_control,f1_control,precision_treatment,recall_treatment,f1_treatment,n_significant_features_fdr,n_folds
ETANOL,0.6957084183539999,0.025767476044087384,0.8096045197740113,0.7398038203407331,0.7728778435277615,0.49295774647887325,0.592503022974607,0.5377802442367334,0,10
CBD 0.3uM,0.753781512605042,0.017036247842616207,0.9182662538699691,0.7656169334021683,0.834859125048174,0.4065359477124183,0.7020316027088036,0.5144499771466263,0,10
CBD 3uM,0.7469768360894942,0.015843881291808838,0.8995660260384377,0.7490965410428497,0.8173862666530681,0.4873417721518987,0.7403846153846154,0.5876961352402785,0,10
CBD 30uM,0.7422548531607764,0.01741990881964904,0.9075577763897564,0.7501290655653072,0.8210425145282512,0.4312573443008226,0.7126213592233009,0.5369423489601889,0,10
CBDV 0.3uM,0.6922006784725031,0.02477503444648226,0.8303826384922901,0.7506453278265359,0.7884823410730503,0.3831417624521073,0.5025125628140703,0.43371011034335555,0,10
CBDV 3uM,0.6979489872872227,0.02393848632134449,0.8226086956521739,0.7325761486835313,0.7748103549582505,0.4835493519441675,0.6131479140328698,0.5404537283408716,0,10
CBDV 30uM,0.7170824670824671,0.027429646961230868,0.8790509259259259,0.7842023748064016,0.8286925132083148,0.14344262295081966,0.25089605734767023,0.1824856021891057,0,10
