classifier,accuracy_mean,accuracy_std
RandomForest,0.753781512605042,0.02144092575155138
LogisticRegression,0.6970588235294117,0.017969247714574026
XGBoost,0.819327731092437,0.009395243602940275
