treatment,accuracy,precision_control,recall_control,f1_control,precision_treatment,recall_treatment,f1_treatment
ETANOL,0.4298245614035088,0.5,0.18461538461538463,0.2696629213483146,0.4111111111111111,0.7551020408163265,0.5323741007194245
CBD 0.3uM,0.4774774774774775,0.6666666666666666,0.2153846153846154,0.32558139534883723,0.43333333333333335,0.8478260869565217,0.5735294117647058
Total_Extract_CBD,0.6826923076923077,0.6777777777777778,0.9384615384615385,0.7870967741935484,0.7142857142857143,0.2564102564102564,0.37735849056603776
