classifier,accuracy_mean,accuracy_std
RandomForest,0.6063033690420742,0.04174000513237873
LogisticRegression,0.5428039124359572,0.05812850111859075
XGBoost,0.6027945971122497,0.03799997191094083
