treatment,accuracy,precision_control,recall_control,f1_control,precision_treatment,recall_treatment,f1_treatment
ETANOL,0.5911764705882353,0.6227106227106227,0.8252427184466019,0.7098121085594989,0.4626865671641791,0.23134328358208955,0.30845771144278605
CBD 0.3uM,0.5295698924731183,0.6025641025641025,0.45410628019323673,0.5179063360881543,0.47685185185185186,0.6242424242424243,0.5406824146981627
Total_Extract_CBD,0.5619335347432024,0.7012987012987013,0.5217391304347826,0.5983379501385041,0.4406779661016949,0.6290322580645161,0.5182724252491694
