treatment,classifier,accuracy_mean,accuracy_std,precision_control,recall_control,f1_control,precision_treatment,recall_treatment,f1_treatment,n_significant_features_fdr,n_folds
ETANOL,RandomForest,0.6063033690420742,0.04174000513237873,0.6368778280542986,0.8183139534883721,0.7161504928055796,0.4979919678714859,0.2786516853932584,0.3542134656087435,0,10
CBD 0.3uM,RandomForest,0.5331825334382376,0.05271274631649744,0.6122448979591837,0.436046511627907,0.5064848254243135,0.48128342245989303,0.6545454545454545,0.5554052124169623,0,10
Total_Extract_CBD,RandomForest,0.573972153972154,0.041796570395553345,0.7221095334685599,0.5174418604651163,0.6011618400552691,0.45394736842105265,0.6682808716707022,0.5396616662229935,0,10
