classifier,accuracy_mean,accuracy_std
RandomForest,0.5331825334382376,0.05271274631649744
LogisticRegression,0.5258064516129032,0.040039327164167256
XGBoost,0.5323105166535536,0.03824500041328269
