classifier,accuracy_mean,accuracy_std
RandomForest,0.573972153972154,0.041796570395553345
LogisticRegression,0.5304340704340704,0.03579830376261176
XGBoost,0.6439393939393939,0.038694252532687066
