treatment,accuracy,precision_control,recall_control,f1_control,precision_treatment,recall_treatment,f1_treatment
ETANOL,0.6821705426356589,0.7868852459016393,0.7700534759358288,0.7783783783783784,0.4266666666666667,0.4507042253521127,0.4383561643835616
CBD 0.3uM,0.794392523364486,0.9281437125748503,0.8288770053475936,0.8757062146892656,0.3191489361702128,0.5555555555555556,0.40540540540540543
CBD 3uM,0.8441558441558441,0.907608695652174,0.8978494623655914,0.9027027027027027,0.5957446808510638,0.6222222222222222,0.6086956521739131
CBD 30uM,0.810126582278481,0.8615384615384616,0.9032258064516129,0.8818897637795275,0.5714285714285714,0.47058823529411764,0.5161290322580645
CBDV 0.3uM,0.7246963562753036,0.8206521739130435,0.8118279569892473,0.8162162162162162,0.4444444444444444,0.45901639344262296,0.45161290322580644
CBDV 3uM,0.71875,0.796875,0.8225806451612904,0.8095238095238095,0.484375,0.44285714285714284,0.4626865671641791
CBDV 30uM,0.8262910798122066,0.8787878787878788,0.93048128342246,0.9038961038961039,0.13333333333333333,0.07692307692307693,0.0975609756097561
