classifier,accuracy_mean,accuracy_std
RandomForest,0.7416980846964603,0.016939330005314706
LogisticRegression,0.6426500698878018,0.014055875488377114
XGBoost,0.9302799289788826,0.005767165175090403
