classifier,accuracy_mean,accuracy_std
RandomForest,0.7051132055031958,0.0178423325889004
LogisticRegression,0.5871939659841837,0.012850322303841151
XGBoost,0.8743578025132706,0.003013552164784751
