classifier,accuracy_mean,accuracy_std
RandomForest,0.6815782483119693,0.014972310945595467
LogisticRegression,0.6418158283666432,0.013123360166543635
XGBoost,0.7569134395255162,0.012612486180152612
