classifier,accuracy_mean,accuracy_std
RandomForest,0.6819339860248246,0.018886288707051536
LogisticRegression,0.5663988737196957,0.010241502807659035
XGBoost,0.8566030120248506,0.004962782975725201
