treatment,accuracy_mean,accuracy_std,precision_control,recall_control,f1_control,precision_treatment,recall_treatment,f1_treatment,n_significant_features_fdr,n_folds
ETANOL,0.6893477777885108,0.02152594012011331,0.832934418382001,0.7277289836888331,0.7766605345849504,0.42389380530973453,0.5785024154589372,0.48948978873515836,0,10
CBD 0.3uM,0.6919030769230771,0.016146579757639782,0.8508965856055023,0.7243831033040569,0.7823974500681417,0.3945796968305007,0.5859481582537517,0.4713273471853586,0,10
CBD 3uM,0.7496588719731025,0.018467556558398487,0.9580382900603199,0.7639063153492263,0.8499123414104395,0.15494011976047903,0.5640326975476839,0.24318325596539775,0,10
CBD 30uM,0.7439447587072748,0.02007008630772389,0.9397838394235718,0.7636971978251778,0.842479830317482,0.21582234559333796,0.5706422018348624,0.3139135287737229,0,10
CBDV 0.3uM,0.7183566244177229,0.02092352316606366,0.9040517027094208,0.76056043496445,0.8259475031207326,0.18966737438075018,0.40978593272171254,0.25977630790126915,0,10
CBDV 3uM,0.9459083765519407,0.0025153628516291623,0.9482998608073175,0.9972814721873693,0.9721724141697194,0.2777777777777778,0.018867924528301886,0.03430054557974469,0,10
CBDV 30uM,0.7216827810972297,0.01912325167244614,0.914792603698151,0.7655792555416144,0.83341032706319,0.10391686650679456,0.2760084925690021,0.15096265241484247,0,10
Total_Extract_CBD,0.7051157278844788,0.020371387779332447,0.8801742919389978,0.7603513174404015,0.8157305379592277,0.200836820083682,0.367816091954023,0.2597915530785126,0,10
