classifier,accuracy_mean,accuracy_std
RandomForest,0.7043588629368097,0.02284367658198964
LogisticRegression,0.47648886474741986,0.022788921267978688
XGBoost,0.9072902408111533,0.0028557435025611134
