classifier,accuracy_mean,accuracy_std
RandomForest,0.691262564102564,0.01755320343849863
LogisticRegression,0.6211669230769231,0.01742076222619862
XGBoost,0.7770548717948718,0.0128231111315742
