classifier,accuracy_mean,accuracy_std
RandomForest,0.7371863053506186,0.02204951185115369
LogisticRegression,0.6213633285841246,0.02300880225007888
XGBoost,0.8965657577339219,0.0029235691041800517
