treatment,accuracy,precision_control,recall_control,f1_control,precision_treatment,recall_treatment,f1_treatment
ETANOL,0.6997929606625258,0.8316524437548487,0.7470383275261324,0.7870778267254038,0.4354587869362364,0.5633802816901409,0.49122807017543857
CBD 0.3uM,0.6864,0.8457142857142858,0.7219512195121951,0.7789473684210526,0.3861538461538462,0.5704545454545454,0.46055045871559636
CBD 3uM,0.7585760517799353,0.9666080843585237,0.7665505226480837,0.8550330353672756,0.1769041769041769,0.6545454545454545,0.27852998065764023
CBD 30uM,0.7454659161976235,0.9408233276157805,0.7644599303135888,0.843521722414456,0.21939953810623555,0.5792682926829268,0.31825795644891125
CBDV 0.3uM,0.7204169221336604,0.9042113955408753,0.7630662020905923,0.8276643990929705,0.19047619047619047,0.40816326530612246,0.2597402597402597
CBDV 3uM,0.9465346534653465,0.9471598414795245,0.9993031358885017,0.9725330620549338,0.0,0.0,0.0
CBDV 30uM,0.7265228426395939,0.9087947882736156,0.7777003484320557,0.838152459631994,0.08333333333333333,0.20567375886524822,0.11860940695296524
Total_Extract_CBD,0.707185628742515,0.8771929824561403,0.7665505226480837,0.8181480104127928,0.19471153846153846,0.3446808510638298,0.2488479262672811
