classifier,accuracy_mean,accuracy_std
RandomForest,0.9209425585415685,0.0076509238009679
LogisticRegression,0.7047736916548797,0.018087794701882983
XGBoost,0.947097281156687,0.0019898719156511407
