treatment,accuracy,precision_control,recall_control,f1_control,precision_treatment,recall_treatment,f1_treatment
ETANOL,0.525,0.5408805031446541,0.6771653543307087,0.6013986013986014,0.49382716049382713,0.35398230088495575,0.41237113402061853
CBD 0.3uM,0.5843137254901961,0.6153846153846154,0.4409448818897638,0.5137614678899083,0.5670731707317073,0.7265625,0.636986301369863
Total_Extract_CBD,0.5163934426229508,0.5473684210526316,0.4094488188976378,0.46846846846846846,0.4966442953020134,0.6324786324786325,0.556390977443609
