treatment,accuracy,precision_control,recall_control,f1_control,precision_treatment,recall_treatment,f1_treatment
ETANOL,0.4534412955465587,0.6197183098591549,0.2894736842105263,0.39461883408071746,0.38636363636363635,0.7157894736842105,0.5018450184501845
CBD 0.3uM,0.62756052141527,0.2975206611570248,0.23841059602649006,0.2647058823529412,0.7235576923076923,0.7797927461139896,0.7506234413965087
CBD 3uM,0.43558282208588955,0.9411764705882353,0.42105263157894735,0.5818181818181818,0.07368421052631578,0.6363636363636364,0.1320754716981132
CBD 30uM,0.4725274725274725,0.8414634146341463,0.45394736842105265,0.5897435897435898,0.17,0.5666666666666667,0.26153846153846155
CBDV 0.3uM,0.671875,0.8111888111888111,0.7631578947368421,0.7864406779661017,0.2653061224489796,0.325,0.29213483146067415
CBDV 3uM,0.6486486486486487,0.8161764705882353,0.7350993377483444,0.7735191637630662,0.1836734693877551,0.2647058823529412,0.21686746987951808
CBDV 30uM,0.7365591397849462,0.8072289156626506,0.8874172185430463,0.8454258675078864,0.15,0.08571428571428572,0.10909090909090909
,0.47513812154696133,0.8333333333333334,0.46357615894039733,0.5957446808510638,0.16494845360824742,0.5333333333333333,0.25196850393700787
