treatment,alpha_pooled,alpha_ci_lower,alpha_ci_upper,xmin,loglikelihood_ratio,p_value,n_total_steps,n_worms_tested,alpha_mean_worms,alpha_median_worms,alpha_std_worms,alpha_min_worms,alpha_max_worms,n_levy_statistical,percent_levy_statistical,n_levy_strict,percent_levy_strict
Control,2.406756807373868,2.367950459161251,5.9523944228998085,3.0,-20.626728392977768,4.4025181608996985e-05,18647,129,,,,,,7,5.426356589147287,21,16.27906976744186
ETANOL,2.470742794137783,2.4270821341464224,2.5358757059281842,1.4142135623730951,-0.21485460699803927,0.6866783427734795,14364,92,,,,,,3,3.260869565217391,7,7.608695652173914
CBD 0.3uM,2.617864184858844,2.5478602249228977,2.896443055116516,2.8284271247461903,-2.369440399993506,0.16563054107708908,11607,80,,,,,,8,10.0,5,6.25
Total_Extract_CBD,3.88177016485459,3.7475086194145186,4.5460429060817535,7.211102550927978,-0.9266573253531893,0.40605583048206195,12632,78,28.15733785208013,4.690098948481463,101.24941846459409,1.944740387493435,691.1386981295803,0,0.0,10,12.82051282051282
