treatment,accuracy_mean,accuracy_std,precision_control,recall_control,f1_control,precision_treatment,recall_treatment,f1_treatment,n_significant_features_fdr,n_folds
ETANOL,0.591404539693513,0.02654518684619316,0.6069364161849711,0.4166666666666667,0.49385392170338227,0.5838052095130238,0.7520058351568198,0.6569151503282235,0,10
CBD 0.3uM,0.5456228138359891,0.017320618288357677,0.5802469135802469,0.373015873015873,0.45282277428368517,0.5289206917113893,0.7229013854930725,0.6105242530795243,0,10
Total_Extract_CBD,0.5310120481927713,0.0141766431162317,0.5485651214128036,0.39444444444444443,0.45835201451431207,0.5210295040803515,0.6698950766747377,0.5859060781481634,0,10
