classifier,accuracy_mean,accuracy_std
RandomForest,0.5282104417670683,0.014377588027878512
LogisticRegression,0.5370200803212851,0.02244828985306318
XGBoost,0.5333975903614457,0.023122065906300268
