classifier,accuracy_mean,accuracy_std
RandomForest,0.5580790905557714,0.021909868747606913
LogisticRegression,0.5544662521051951,0.026801641988358067
XGBoost,0.5444098976551368,0.018667452865262984
