classifier,accuracy_mean,accuracy_std
RandomForest,0.5902652955409609,0.024523083065719552
LogisticRegression,0.5872321119944693,0.0178561918923647
XGBoost,0.5693541882705381,0.023318471709860362
