treatment,accuracy,precision_control,recall_control,f1_control,precision_treatment,recall_treatment,f1_treatment
ETANOL,0.6037974683544304,0.6337448559670782,0.4074074074074074,0.49597423510466987,0.5904936014625228,0.7839805825242718,0.6736183524504692
CBD 0.3uM,0.535475234270415,0.5622489959839357,0.37037037037037035,0.44657097288676234,0.5220883534136547,0.7046070460704607,0.5997693194925029
Total_Extract_CBD,0.5426666666666666,0.5609756097560976,0.42592592592592593,0.4842105263157895,0.531317494600432,0.6612903225806451,0.5892215568862276
