classifier,accuracy_mean,accuracy_std
RandomForest,0.5856155778894472,0.034312872277900246
LogisticRegression,0.4459748743718593,0.03996065367426683
XGBoost,0.8226984924623115,0.015122874087742714
