classifier,accuracy_mean,accuracy_std
RandomForest,0.5605898054514655,0.02260264825983054
LogisticRegression,0.5198389884160635,0.021676149660489502
XGBoost,0.6430966925038071,0.014815390920886257
