classifier,accuracy_mean,accuracy_std
RandomForest,0.8374857557236093,0.014579698799479485
LogisticRegression,0.7096498497876308,0.03520557640065453
XGBoost,0.8446234331295971,0.0092199549071602
