classifier,accuracy_mean,accuracy_std
RandomForest,0.5218285516764604,0.06780773995812006
LogisticRegression,0.49787417905288633,0.05244900606444311
XGBoost,0.6012976725429198,0.025890934581278904
