classifier,accuracy_mean,accuracy_std
RandomForest,0.565117235705471,0.06851619169358754
LogisticRegression,0.4529185520361992,0.07061740721750956
XGBoost,0.7360263266145619,0.010902203374617439
