classifier,accuracy_mean,accuracy_std
RandomForest,0.7951094527363185,0.02195049514302206
LogisticRegression,0.6212089552238806,0.033200280604417695
XGBoost,0.8175970149253733,0.013744429196128052
