classifier,accuracy_mean,accuracy_std
RandomForest,0.7016948739208896,0.04452000853118856
LogisticRegression,0.27907623274642734,0.02119083021751214
XGBoost,0.8155806467346242,0.006334286179993794
