classifier,accuracy_mean,accuracy_std
RandomForest,0.9524926108374384,0.002569320112746911
LogisticRegression,0.6530279146141217,0.09414062080761254
XGBoost,0.9507684729064041,0.0038556868393624533
