treatment,accuracy,precision_control,recall_control,f1_control,precision_treatment,recall_treatment,f1_treatment
ETANOL,0.5088607594936709,0.6327014218009479,0.534,0.579175704989154,0.36684782608695654,0.46551724137931033,0.41033434650455924
CBD 0.3uM,0.5520330806340454,0.3828125,0.49,0.4298245614035088,0.6855733662145499,0.5846477392218717,0.6311010215664018
CBD 3uM,0.9523809523809523,0.9541984732824428,0.998003992015968,0.975609756097561,0.0,0.0,0.0
CBD 30uM,0.8078817733990148,0.8240270727580372,0.974,0.8927589367552704,0.2777777777777778,0.045871559633027525,0.07874015748031496
CBDV 0.3uM,0.5416036308623298,0.7456359102244389,0.598,0.6637069922308546,0.22692307692307692,0.36645962732919257,0.28028503562945367
CBDV 3uM,0.5986622073578596,0.8494623655913979,0.632,0.7247706422018348,0.18584070796460178,0.42857142857142855,0.25925925925925924
CBDV 30uM,0.830220713073005,0.8496503496503497,0.972,0.9067164179104478,0.17647058823529413,0.033707865168539325,0.05660377358490566
,0.8103161397670549,0.8339100346020761,0.964,0.8942486085343229,0.21739130434782608,0.04950495049504951,0.08064516129032258
