treatment,alpha,xmin,loglikelihood_ratio,p_value
Control,2.505182477576823,5.830951894845301,-18.870043237345495,0.0001627700450917626
ETANOL,2.7666127509812766,5.0990195135927845,-0.7810286820429915,0.2368226912435858
CBD 0.3uM,2.7874255719533974,1.4142135623730951,0.1802414678636839,0.7049421143666599
Total_Extract_CBD,2.581706469110591,4.0,-10.969762831670257,0.0019758179823350947
