treatment,alpha,xmin,loglikelihood_ratio,p_value
Control,3.31669953119093,41.43669871020132,-0.2525778559313969,0.6900324900066237
ETANOL,2.9422124699818286,7.0,-8.553978361912216,0.005416119297330469
CBD 0.3uM,2.717554055597728,5.656854249492381,-7.3424436932088835,0.018145898188686633
CBD 3uM,3.378242114668472,13.601470508735444,-1.4574068478703914,0.30238043671361103
CBD 30uM,2.6331211409625173,5.830951894845301,-2.37807535277578,0.14670919158706572
CBDV 0.3uM,2.675157264831145,1.0,1.5676987100661197,2.0413475920392205e-40
CBDV 3uM,2.776946043367346,5.0990195135927845,-0.1736555727201856,0.6483875731765321
CBDV 30uM,2.596736781223525,5.385164807134504,-1.1400870153058609,0.2584221912643877
Total_Extract_CBD,6.799380890949367,38.01315561749642,-0.056717815972539665,0.8019649133390839
