treatment,alpha,alpha_ci_lower,alpha_ci_upper,xmin,loglikelihood_ratio,p_value,n_worms_tested,n_levy_worms,percent_levy_worms,n_total_steps
Control,4.317522029032582,2.7901290538278487,5.4069918774131285,41.23105625617661,-0.28357802060786996,0.6104915356306825,724,14,1.9337016574585635,115089
ETANOL,7.178311324254706,3.0324534747875886,8.405258784122282,32.0,-0.07068831657984487,0.4096551383992343,583,15,2.5728987993138936,93250
CBD 0.3uM,4.257249008181249,2.714469020201774,4.505693837482088,25.942243542145693,-0.21415298726780474,0.10092928415554041,294,3,1.0204081632653061,47482
CBD 3uM,3.621649060689817,3.4848194537104136,5.1895550174481935,14.0,-5.352155359745915,0.0526161294683614,226,5,2.2123893805309733,34414
CBD 30uM,2.5833405917439176,2.5510543512348707,4.444561569222756,5.830951894845301,-23.603623686334906,1.8784229079446816e-05,177,2,1.1299435028248588,28758
CBDV 0.3uM,2.9587264676907985,2.4863461859628084,3.1099062283068726,7.615773105863909,-3.4000247263629415,0.05619300331397958,54,1,1.8518518518518516,8989
CBDV 3uM,3.071308699355946,2.9492122484454026,3.2440133115173144,5.656854249492381,0.025343122356131564,0.15870541321953469,94,4,4.25531914893617,16076
CBDV 30uM,2.7861141391122164,2.6643616637160377,2.958557299160111,6.0,-0.1009035810120964,0.7270394967505296,52,2,3.8461538461538463,8443
Total_Extract_CBD,2.8508066681836066,2.625194474420841,13.17384737823857,8.06225774829855,-22.56234630900568,1.8014032383507955e-05,163,4,2.4539877300613497,27588
