treatment,accuracy,precision_control,recall_control,f1_control,precision_treatment,recall_treatment,f1_treatment
ETANOL,0.7185314685314685,0.7504990019960079,0.912621359223301,0.823658269441402,0.49295774647887325,0.21875,0.30303030303030304
CBD 0.3uM,0.5891341256366723,0.7903780068728522,0.559610705596107,0.6552706552706553,0.3926174496644295,0.6573033707865169,0.49159663865546216
Total_Extract_CBD,0.5888157894736842,0.7539432176656151,0.5815085158150851,0.6565934065934066,0.40893470790378006,0.6040609137055838,0.48770491803278687
