treatment,accuracy_mean,accuracy_std,precision_control,recall_control,f1_control,precision_treatment,recall_treatment,f1_treatment,n_significant_features_fdr,n_folds
ETANOL,0.7289859465417471,0.016695661118660117,0.7538644470868014,0.9255474452554745,0.8308344517463293,0.5405405405405406,0.2247191011235955,0.3141238299251048,0,10
CBD 0.3uM,0.5939707862840568,0.027599252771829102,0.7811579980372915,0.581021897810219,0.6661317607064876,0.3919491525423729,0.6239460370994941,0.48160418722336373,0,10
Total_Extract_CBD,0.604404233526801,0.03864454277075597,0.7661365762394762,0.5978102189781022,0.6715419569473285,0.4236401673640167,0.6183206106870229,0.5016241778656287,0,10
