classifier,accuracy_mean,accuracy_std
RandomForest,0.592552309418134,0.030711945446696177
LogisticRegression,0.5441910939862458,0.020431913937564862
XGBoost,0.685416768277813,0.013396250362241464
