classifier,accuracy_mean,accuracy_std
RandomForest,0.7216092587489666,0.03237929865208291
LogisticRegression,0.6659548084871865,0.034500578070129226
XGBoost,0.7169275282446955,0.020258806573299804
