classifier,accuracy_mean,accuracy_std
RandomForest,0.5817569667460893,0.02418995569565068
LogisticRegression,0.5572956593805035,0.01860916276765368
XGBoost,0.6994457681549777,0.025565829550761258
