classifier,accuracy_mean,accuracy_std
RandomForest,0.7179039174405539,0.011027227792716011
LogisticRegression,0.6274740710124899,0.016309703374547173
XGBoost,0.7714848946695426,0.005885094575712407
