treatment,accuracy_mean,accuracy_std,precision_control,recall_control,f1_control,precision_treatment,recall_treatment,f1_treatment,n_significant_features_fdr,n_folds
ETANOL,0.5854838709677419,0.021585593535317832,0.6410689170182841,0.5246316758747698,0.5765519392464493,0.5416204217536071,0.6566200215285253,0.5936588946295605,0,10
CBD 0.3uM,0.5732986646122239,0.01742289946212344,0.7034073309241095,0.6273020257826888,0.6630433703269594,0.38040566398775355,0.46383574428371444,0.4180450415441651,0,10
CBD 3uM,0.7714842488666159,0.007920056143052518,0.7881117569848115,0.9675414364640884,0.8686350942007633,0.38427947598253276,0.0722495894909688,0.12098430912745455,0,10
CBD 30uM,0.7970048606832341,0.007652601516809781,0.8102426906172367,0.9760589318600368,0.8854386701951095,0.391812865497076,0.06320754716981132,0.10888703222494167,0,10
CBDV 0.3uM,0.6670168067226891,0.023994686992830444,0.9309590752889721,0.6860036832412523,0.7897178351535896,0.12508017960230916,0.46875,0.1979035743988612,18,10
CBDV 3uM,0.6518901763653403,0.021570896448734788,0.907361963190184,0.680939226519337,0.7777910149289988,0.1277533039647577,0.401980198019802,0.19382208310502885,0,10
CBDV 30uM,0.6720518168335188,0.019965936559618227,0.9462025316455697,0.6883057090239411,0.7967589242639278,0.0894418291862811,0.4389438943894389,0.1486135608992736,14,10
Total_Extract_CBD,0.6148665951998094,0.016693759746808378,0.7892573307755549,0.6629834254143646,0.7204654363674159,0.3187529083294556,0.47111416781292986,0.3798530048340546,0,10
