classifier,accuracy_mean,accuracy_std
RandomForest,0.7651701239131923,0.010328377918410792
LogisticRegression,0.6698702676798794,0.019068848072044293
XGBoost,0.795152666529746,0.009150383937890671
