classifier,accuracy_mean,accuracy_std
RandomForest,0.5572661644695542,0.014749285149699223
LogisticRegression,0.4956048241358976,0.008836351493220323
XGBoost,0.651453565789724,0.00901429760785924
