classifier,accuracy_mean,accuracy_std
RandomForest,0.6320912498934992,0.024575508955337905
LogisticRegression,0.4823643179688165,0.02273394381330136
XGBoost,0.8946183010990882,0.0053163907085162655
