classifier,accuracy_mean,accuracy_std
RandomForest,0.6605042016806724,0.022415090198906116
LogisticRegression,0.5098739495798319,0.024482678066665996
XGBoost,0.9092436974789916,0.0022626742887119685
