classifier,accuracy_mean,accuracy_std
RandomForest,0.666026603633667,0.01959916830514617
LogisticRegression,0.5196866889136077,0.025418347395808106
XGBoost,0.9343659621802004,0.0014550960554349415
