classifier,accuracy_mean,accuracy_std
RandomForest,0.5914138526591626,0.0160715963341692
LogisticRegression,0.5160371627657674,0.020999531365288558
XGBoost,0.7371499612887855,0.008371637804992286
