classifier,accuracy_mean,accuracy_std
RandomForest,0.5838709677419354,0.023265591256554478
LogisticRegression,0.5764267990074442,0.01690443804491423
XGBoost,0.5803970223325062,0.022869205771700193
