treatment,alpha,xmin,loglikelihood_ratio,p_value
Control,2.6503230735689782,5.0,-6.743165217118176,0.009185568493402659
ETANOL,4.083153080698567,15.0,-3.625019591746966,0.06280452714180573
CBD 0.3uM,2.773337935471339,5.0,-4.049306938406343,0.03511148900041596
Total_Extract_CBD,2.852864132144086,6.0,-10.663281912281574,0.0015576918213570502
