treatment,accuracy,precision_control,recall_control,f1_control,precision_treatment,recall_treatment,f1_treatment
ETANOL,0.5603015075376885,0.5923076923076923,0.6905829596412556,0.6376811594202898,0.5,0.3942857142857143,0.44089456869009586
CBD 0.3uM,0.40540540540540543,0.702247191011236,0.2802690582959641,0.40064102564102566,0.28824833702882485,0.7103825136612022,0.41009463722397477
CBD 3uM,0.4143835616438356,0.8376623376623377,0.289237668161435,0.43,0.2627906976744186,0.8188405797101449,0.397887323943662
CBD 30uM,0.47005444646098005,0.8155737704918032,0.4461883408071749,0.5768115942028985,0.19543973941368079,0.5714285714285714,0.2912621359223301
CBDV 0.3uM,0.40082644628099173,0.9239130434782609,0.3811659192825112,0.5396825396825397,0.08,0.631578947368421,0.14201183431952663
CBDV 3uM,0.4471057884231537,0.9246231155778895,0.4125560538116592,0.5705426356589147,0.13245033112582782,0.7272727272727273,0.22408963585434175
CBDV 30uM,0.8008474576271186,0.9422110552763819,0.8408071748878924,0.8886255924170616,0.04054054054054054,0.11538461538461539,0.06
Total_Extract_CBD,0.6117021276595744,0.7917737789203085,0.6905829596412556,0.7377245508982035,0.21142857142857144,0.3135593220338983,0.2525597269624573
